"","ZipCode","Population","HouseholdsPerZipCode","PersonsPerHousehold","AverageHouseValue","IncomePerHousehold","Latitude","Longitude","CountyName","popden","electricity(kWh)","Nat.Gas(cu.ft.)","FUELOIL(gallons)","Vehiclemilestraveled","Transport(tCO2e/yr)","within1km","within2km","within3km","incomelevels","stoplevels"
"1","90001",54481,"13302","4.35",138900,24207,33.974243,-118.245169,"LOSANGELES"," 15,688 "," 6,136 "," 6,136 "," 6,136 "," 15,862 ",10.22,59,239,489,"$0-$40K","51-75"
"2","90002",44584,"11838","4.16",127700,22872,33.94938,-118.24506,"LOSANGELES"," 14,677 "," 6,566 "," 6,566 "," 6,566 "," 15,536 ",10.02,72,248,515,"$0-$40K","51-75"
"3","90003",58187,"16071","4",134400,22346,33.963792,-118.274249,"LOSANGELES"," 16,441 "," 6,299 "," 6,299 "," 6,299 "," 14,614 ",9.46,69,246,578,"$0-$40K","51-75"
"4","90004",67850,"23922","2.91",371100,27591,34.07668,-118.308976,"LOSANGELES"," 22,196 "," 4,646 "," 4,646 "," 4,646 "," 13,373 ",9.2,78,314,704,"$0-$40K","76-100"
"5","90005",43014,"15905","2.8",392200,21998,34.058999,-118.312752,"LOSANGELES"," 37,518 "," 4,076 "," 4,076 "," 4,076 "," 11,004 ",7.55,108,346,718,"$0-$40K","101-125"
"6","90006",62765,"19792","3.31",169000,20593,34.047977,-118.29082,"LOSANGELES"," 32,165 "," 4,469 "," 4,469 "," 4,469 "," 11,363 ",7.58,101,448,1030,"$0-$40K","101-125"
"7","90007",45021,"13548","3.07",172700,17644,34.028321,-118.28126,"LOSANGELES"," 16,238 "," 4,640 "," 4,640 "," 4,640 "," 11,420 ",7.56,104,442,956,"$0-$40K","101-125"
"8","90008",30840,"14337","2.28",236000,30472,34.010666,-118.342797,"LOSANGELES"," 8,288 "," 5,986 "," 5,986 "," 5,986 "," 14,560 ",10.21,65,179,355,"$0-$40K","51-75"
"9","90010",1943,"996","2.02",692700,32083,34.061603,-118.312405,"LOSANGELES"," 4,611 "," 4,178 "," 4,178 "," 4,178 "," 14,292 ",10.19,98,342,700,"$0-$40K","76-100"
"10","90011",101214,"23721","4.65",140000,23851,34.008137,-118.258251,"LOSANGELES"," 23,246 "," 5,962 "," 5,962 "," 5,962 "," 13,670 ",8.77,83,294,651,"$0-$40K","76-100"
"11","90012",30577,"8360","2.32",159500,20152,34.060732,-118.239742,"LOSANGELES"," 8,776 "," 3,887 "," 3,887 "," 3,887 "," 9,739 ",6.82,216,466,993,"$0-$40K","200+"
"12","90013",9727,"4601","1.29",160000,8855,34.045071,-118.24142,"LOSANGELES"," 12,722 "," 2,683 "," 2,683 "," 2,683 "," 6,068 ",4.38,139,642,1060,"$0-$40K","126-150"
"13","90014",3518,"2587","1.23",37500,8633,34.043238,-118.250918,"LOSANGELES"," 12,160 "," 2,456 "," 2,456 "," 2,456 "," 6,004 ",4.34,257,740,1204,"$0-$40K","200+"
"14","90015",15134,"5339","2.96",205600,18533,34.039429,-118.265616,"LOSANGELES"," 9,156 "," 3,977 "," 3,977 "," 3,977 "," 10,034 ",6.76,221,724,1244,"$0-$40K","200+"
"15","90016",46968,"17359","2.85",161500,29079,34.02912,-118.354256,"LOSANGELES"," 13,047 "," 5,988 "," 5,988 "," 5,988 "," 15,771 ",10.76,49,217,420,"$0-$40K","26-50"
"16","90017",20689,"7079","3.06",231700,14847,34.052987,-118.263686,"LOSANGELES"," 27,844 "," 3,878 "," 3,878 "," 3,878 "," 7,743 ",5.18,217,790,1335,"$0-$40K","200+"
"17","90018",47127,"16303","3.04",160600,23797,34.028777,-118.317258,"LOSANGELES"," 16,232 "," 5,601 "," 5,601 "," 5,601 "," 14,333 ",9.61,55,228,563,"$0-$40K","51-75"
"18","90019",67510,"24955","2.79",245700,31501,34.048385,-118.34085,"LOSANGELES"," 17,141 "," 5,527 "," 5,527 "," 5,527 "," 14,858 ",10.31,62,221,518,"$0-$40K","51-75"
"19","90020",42383,"17512","2.49",905400,24208,34.066295,-118.310212,"LOSANGELES"," 38,985 "," 3,952 "," 3,952 "," 3,952 "," 12,047 ",8.36,109,356,698,"$0-$40K","101-125"
"20","90021",3003,"1507","1.7",171900,13053,34.029027,-118.239613,"LOSANGELES"," 1,509 "," 2,871 "," 2,871 "," 2,871 "," 8,051 ",5.72,41,193,896,"$0-$40K","26-50"
"21","90022",68688,"17776","3.99",158900,27471,34.02181,-118.15153,"LOSANGELES"," 15,485 "," 6,110 "," 6,110 "," 6,110 "," 16,692 ",10.96,37,152,265,"$0-$40K","26-50"
"22","90023",47468,"11285","4.39",157200,26884,34.023042,-118.202487,"LOSANGELES"," 9,119 "," 6,074 "," 6,074 "," 6,074 "," 16,392 ",10.65,67,173,364,"$0-$40K","51-75"
"23","90024",44141,"17934","1.97",874500,47573,34.062979,-118.436315,"LOSANGELES"," 13,050 "," 4,994 "," 4,994 "," 4,994 "," 11,148 ",8.9,67,182,379,"$40K-$60K","51-75"
"24","90025",41170,"21974","1.9",404400,47806,34.04346,-118.44974,"LOSANGELES"," 15,040 "," 4,954 "," 4,954 "," 4,954 "," 9,136 ",7.69,56,271,511,"$40K-$60K","51-75"
"25","90026",73671,"26242","2.96",206900,28651,34.078589,-118.261469,"LOSANGELES"," 17,751 "," 5,106 "," 5,106 "," 5,106 "," 13,922 ",9.57,63,189,620,"$0-$40K","51-75"
"26","90027",48715,"22977","2.16",423900,31820,34.12356,-118.28784,"LOSANGELES"," 6,018 "," 4,820 "," 4,820 "," 4,820 "," 13,667 ",9.75,4,54,214,"$0-$40K","0-25"
"27","90028",30562,"15506","2.01",192500,21893,34.0998,-118.32648,"LOSANGELES"," 20,531 "," 3,904 "," 3,904 "," 3,904 "," 9,773 ",7,105,272,422,"$0-$40K","101-125"
"28","90029",41697,"14093","3",217400,22043,34.089906,-118.293247,"LOSANGELES"," 30,731 "," 4,491 "," 4,491 "," 4,491 "," 12,326 ",8.31,86,298,550,"$0-$40K","76-100"
"29","90031",38409,"10854","3.69",155700,25300,34.078622,-118.213537,"LOSANGELES"," 9,815 "," 5,508 "," 5,508 "," 5,508 "," 15,584 ",10.27,80,214,399,"$0-$40K","76-100"
"30","90032",46942,"13156","3.64",151300,33445,34.080877,-118.17735,"LOSANGELES"," 9,993 "," 6,450 "," 6,450 "," 6,450 "," 19,749 ",13.17,55,127,293,"$0-$40K","51-75"
"31","90033",49418,"13206","3.82",150800,22429,34.0496,-118.2103,"LOSANGELES"," 15,830 "," 5,170 "," 5,170 "," 5,170 "," 13,076 ",8.57,76,233,633,"$0-$40K","76-100"
"32","90034",58199,"26656","2.24",321300,37231,34.030844,-118.39735,"LOSANGELES"," 18,837 "," 5,061 "," 5,061 "," 5,061 "," 15,897 ",11.33,58,199,437,"$0-$40K","51-75"
"33","90035",27792,"13363","2.11",432300,50014,34.051996,-118.385858,"LOSANGELES"," 13,394 "," 5,861 "," 5,861 "," 5,861 "," 17,347 ",12.78,54,171,466,"$40K-$60K","51-75"
"34","90036",32885,"17961","1.89",452600,47746,34.06998,-118.35006,"LOSANGELES"," 13,180 "," 5,242 "," 5,242 "," 5,242 "," 14,428 ",10.94,59,209,478,"$40K-$60K","51-75"
"35","90037",56691,"16639","3.77",144000,20275,34.002954,-118.285884,"LOSANGELES"," 20,135 "," 5,605 "," 5,605 "," 5,605 "," 12,815 ",8.34,82,351,701,"$0-$40K","76-100"
"36","90038",32557,"12591","2.65",225600,23306,34.091104,-118.34303,"LOSANGELES"," 21,092 "," 4,428 "," 4,428 "," 4,428 "," 11,980 ",8.24,53,239,443,"$0-$40K","51-75"
"37","90039",29306,"11933","2.54",239900,45615,34.108695,-118.260592,"LOSANGELES"," 7,204 "," 6,134 "," 6,134 "," 6,134 "," 19,319 ",13.69,33,134,324,"$40K-$60K","26-50"
"38","90040",9798,"2737","3.68",156200,35205,33.97698,-118.12884,"LOSANGELES"," 1,738 "," 6,816 "," 6,816 "," 6,816 "," 21,153 ",14.1,12,52,120,"$0-$40K","0-25"
"39","90041",27864,"9691","2.82",218800,48439,34.1325,-118.20468,"LOSANGELES"," 7,790 "," 6,601 "," 6,601 "," 6,601 "," 21,434 ",15.04,41,112,285,"$40K-$60K","26-50"
"40","90042",64660,"20697","3.27",159300,36064,34.11772,-118.19201,"LOSANGELES"," 13,989 "," 6,018 "," 6,018 "," 6,018 "," 18,619 ",12.68,63,161,270,"$0-$40K","51-75"
"41","90043",44761,"16969","2.81",172700,34069,33.99044,-118.33808,"LOSANGELES"," 10,906 "," 6,864 "," 6,864 "," 6,864 "," 16,692 ",11.53,41,166,384,"$0-$40K","26-50"
"42","90044",87366,"26977","3.55",141000,22091,33.953819,-118.292887,"LOSANGELES"," 16,946 "," 6,117 "," 6,117 "," 6,117 "," 14,038 ",9.23,55,204,480,"$0-$40K","51-75"
"43","90045",39315,"16110","2.38",347800,56566,33.95496,-118.39674,"LOSANGELES"," 3,636 "," 6,885 "," 6,885 "," 6,885 "," 21,015 ",15.22,51,123,245,"$40K-$60K","51-75"
"44","90046",49831,"29759","1.72",521500,37398,34.105576,-118.366794,"LOSANGELES"," 9,094 "," 4,847 "," 4,847 "," 4,847 "," 12,690 ",9.5,14,61,207,"$0-$40K","0-25"
"45","90047",47105,"16686","3.01",153600,35142,33.95634,-118.309879,"LOSANGELES"," 10,667 "," 7,327 "," 7,327 "," 7,327 "," 17,982 ",12.32,41,146,366,"$0-$40K","26-50"
"46","90048",21724,"12581","1.74",463200,47185,34.078992,-118.378957,"LOSANGELES"," 11,327 "," 5,263 "," 5,263 "," 5,263 "," 14,159 ",10.8,83,228,421,"$40K-$60K","76-100"
"47","90049",33520,"17277","1.99",951400,84342,34.07986,-118.48756,"LOSANGELES"," 2,120 "," 6,578 "," 6,578 "," 6,578 "," 18,541 ",14.94,0,7,51,"$80K-$100K","0-25"
"48","90056",8108,"3517","2.36",429700,72193,33.984248,-118.364182,"LOSANGELES"," 5,106 "," 7,738 "," 7,738 "," 7,738 "," 24,776 ",18.19,39,110,255,"$60K-$80K","26-50"
"49","90057",43986,"15627","2.9",173000,19736,34.06284,-118.275378,"LOSANGELES"," 49,830 "," 3,970 "," 3,970 "," 3,970 "," 9,875 ",6.74,124,439,1102,"$0-$40K","101-125"
"50","90058",3624,"1000","3.64",139000,18729,34.0023,-118.21152,"LOSANGELES","845"," 4,956 "," 4,956 "," 4,956 "," 12,619 ",8.2,36,114,279,"$0-$40K","26-50"
"51","90059",38123,"10112","4.04",130500,22151,33.93258,-118.24554,"LOSANGELES"," 11,713 "," 6,675 "," 6,675 "," 6,675 "," 15,764 ",10.16,62,253,408,"$0-$40K","51-75"
"52","90061",24503,"6849","3.87",137300,26449,33.922004,-118.273645,"LOSANGELES"," 9,274 "," 6,609 "," 6,609 "," 6,609 "," 16,591 ",10.88,48,194,435,"$0-$40K","26-50"
"53","90062",29279,"9612","3.31",147500,26901,34.003935,-118.309336,"LOSANGELES"," 15,135 "," 6,350 "," 6,350 "," 6,350 "," 15,332 ",10.27,71,252,587,"$0-$40K","51-75"
"54","90063",55666,"13743","4.26",147200,30174,34.04082,-118.18588,"LOSANGELES"," 15,615 "," 6,319 "," 6,319 "," 6,319 "," 17,710 ",11.61,83,237,500,"$0-$40K","76-100"
"55","90064",24489,"11216","2.23",452200,59923,34.03621,-118.4223,"LOSANGELES"," 6,109 "," 6,659 "," 6,659 "," 6,659 "," 16,211 ",12.45,55,214,452,"$40K-$60K","51-75"
"56","90065",47524,"15105","3.3",189800,38271,34.10433,-118.228,"LOSANGELES"," 9,547 "," 6,487 "," 6,487 "," 6,487 "," 19,123 ",13.08,19,78,247,"$0-$40K","0-25"
"57","90066",55194,"23748","2.36",341200,45089,33.99657,-118.43053,"LOSANGELES"," 11,396 "," 5,950 "," 5,950 "," 5,950 "," 17,977 ",12.89,43,191,357,"$40K-$60K","26-50"
"58","90067",2524,"1724","1.59",761000,74830,34.0584,-118.41354,"LOSANGELES"," 8,284 "," 4,727 "," 4,727 "," 4,727 "," 11,675 ",10.41,64,184,379,"$60K-$80K","51-75"
"59","90068",21713,"13632","1.74",495600,52890,34.117585,-118.332716,"LOSANGELES"," 2,701 "," 5,689 "," 5,689 "," 5,689 "," 16,877 ",12.7,8,102,236,"$40K-$60K","0-25"
"60","90069",20395,"14422","1.5",769000,51215,34.09386,-118.38012,"LOSANGELES"," 9,599 "," 4,789 "," 4,789 "," 4,789 "," 9,733 ",8.3,37,122,251,"$40K-$60K","26-50"
"61","90077",10465,"4415","2.47",899400,141527,34.101879,-118.449262,"LOSANGELES"," 1,204 "," 10,428 "," 10,428 "," 10,428 "," 34,240 ",26.79,0,0,12,"$100K+","0-25"
"62","90201",105275,"24633","4.36",168700,30029,33.96822,-118.1694,"LOSANGELES"," 17,253 "," 6,225 "," 6,225 "," 6,225 "," 18,412 ",12.02,29,107,218,"$0-$40K","26-50"
"63","90210",21396,"9166","2.47",1000001,112572,34.096629,-118.412426,"LOSANGELES"," 2,288 "," 9,150 "," 9,150 "," 9,150 "," 22,630 ",18.47,0,18,72,"$100K+","0-25"
"64","90211",8313,"3980","2.22",662800,57746,34.065596,-118.380335,"LOSANGELES"," 12,125 "," 5,856 "," 5,856 "," 5,856 "," 18,305 ",13.64,70,252,464,"$40K-$60K","51-75"
"65","90212",11347,"6029","1.99",893100,61039,34.061258,-118.401293,"LOSANGELES"," 12,463 "," 5,733 "," 5,733 "," 5,733 "," 11,109 ",9.42,52,188,387,"$60K-$80K","51-75"
"66","90220",47303,"13065","3.83",135400,33997,33.890694,-118.239135,"LOSANGELES"," 6,879 "," 7,108 "," 7,108 "," 7,108 "," 19,348 ",12.9,34,146,284,"$0-$40K","26-50"
"67","90221",51382,"11889","4.57",136900,31310,33.87954,-118.20054,"LOSANGELES"," 9,443 "," 6,887 "," 6,887 "," 6,887 "," 20,086 ",13.05,28,143,303,"$0-$40K","26-50"
"68","90222",29823,"7632","4.15",133700,29520,33.910294,-118.23428,"LOSANGELES"," 10,794 "," 6,779 "," 6,779 "," 6,779 "," 18,499 ",12.11,28,145,322,"$0-$40K","26-50"
"69","90230",31945,"13288","2.46",291500,51275,34.001758,-118.394799,"LOSANGELES"," 6,495 "," 6,076 "," 6,076 "," 6,076 "," 19,476 ",14.04,34,168,375,"$40K-$60K","26-50"
"70","90232",15175,"6523","2.36",313100,46121,34.017186,-118.392827,"LOSANGELES"," 6,776 "," 6,152 "," 6,152 "," 6,152 "," 17,386 ",12.57,62,209,375,"$40K-$60K","51-75"
"71","90240",24891,"8043","3.16",231700,55492,33.95659,-118.117011,"LOSANGELES"," 7,632 "," 8,154 "," 8,154 "," 8,154 "," 26,385 ",18.28,18,70,142,"$40K-$60K","0-25"
"72","90241",40138,"13921","2.9",219500,43557,33.941342,-118.128849,"LOSANGELES"," 8,748 "," 6,771 "," 6,771 "," 6,771 "," 21,905 ",15.1,28,83,158,"$40K-$60K","26-50"
"73","90242",42444,"12830","3.3",187600,42956,33.924668,-118.145537,"LOSANGELES"," 9,101 "," 6,586 "," 6,586 "," 6,586 "," 23,133 ",15.73,15,70,166,"$40K-$60K","0-25"
"74","90245",16033,"7261","2.27",371900,61341,33.922235,-118.405515,"LOSANGELES"," 2,977 "," 6,463 "," 6,463 "," 6,463 "," 21,883 ",15.98,25,100,213,"$60K-$80K","26-50"
"75","90247",47741,"16653","2.93",172600,35101,33.888929,-118.293965,"LOSANGELES"," 12,500 "," 5,544 "," 5,544 "," 5,544 "," 17,294 ",11.92,41,164,347,"$0-$40K","26-50"
"76","90248",9944,"3397","2.99",176000,43125,33.881766,-118.281508,"LOSANGELES"," 2,189 "," 6,890 "," 6,890 "," 6,890 "," 23,188 ",15.85,28,139,315,"$40K-$60K","26-50"
"77","90249",26433,"9208","2.95",179700,44451,33.89944,-118.31857,"LOSANGELES"," 8,443 "," 6,574 "," 6,574 "," 6,574 "," 21,329 ",14.78,64,240,447,"$40K-$60K","51-75"
"78","90250",93314,"32550","2.95",182900,33656,33.913588,-118.352741,"LOSANGELES"," 13,599 "," 5,894 "," 5,894 "," 5,894 "," 17,290 ",11.85,36,125,346,"$0-$40K","26-50"
"79","90254",18682,"9891","1.95",520400,81352,33.866022,-118.3958,"LOSANGELES"," 12,991 "," 6,237 "," 6,237 "," 6,237 "," 23,865 ",18.1,44,96,214,"$80K-$100K","26-50"
"80","90255",78104,"19270","4.19",164800,30375,33.977659,-118.21003,"LOSANGELES"," 21,156 "," 5,915 "," 5,915 "," 5,915 "," 16,974 ",11.2,33,173,362,"$0-$40K","26-50"
"81","90260",33299,"10329","3.31",186800,41404,33.888643,-118.348986,"LOSANGELES"," 12,034 "," 6,779 "," 6,779 "," 6,779 "," 20,571 ",14.09,38,163,391,"$40K-$60K","26-50"
"82","90262",69830,"14977","4.7",146700,35846,33.924283,-118.201422,"LOSANGELES"," 14,256 "," 6,554 "," 6,554 "," 6,554 "," 21,652 ",14.16,28,88,198,"$0-$40K","26-50"
"83","90265",19614,"8516","2.39",844500,100857,34.0452,-118.755045,"LOSANGELES","182"," 8,830 "," 8,830 "," 8,830 "," 27,472 ",20.99,0,2,6,"$100K+","0-25"
"84","90266",33742,"14984","2.34",672500,100761,33.889903,-118.40173,"LOSANGELES"," 8,593 "," 8,126 "," 8,126 "," 8,126 "," 25,756 ",19.95,26,99,209,"$100K+","26-50"
"85","90270",28083,"6701","4.33",156100,30480,33.9775,-118.186111,"LOSANGELES"," 21,808 "," 6,066 "," 6,066 "," 6,066 "," 18,294 ",11.98,28,125,253,"$0-$40K","26-50"
"86","90272",22538,"9550","2.45",894700,122877,34.050355,-118.536152,"LOSANGELES","985"," 9,349 "," 9,349 "," 9,349 "," 28,476 ",22.49,26,58,83,"$100K+","26-50"
"87","90274",24976,"9711","2.66",744500,117979,33.770281,-118.370717,"LOSANGELES"," 2,065 "," 9,804 "," 9,804 "," 9,804 "," 35,076 ",26.3,8,25,44,"$100K+","0-25"
"88","90275",41261,"15757","2.66",560200,95643,33.766667,-118.366667,"LOSANGELES"," 3,008 "," 8,925 "," 8,925 "," 8,925 "," 32,016 ",23.5,2,15,44,"$80K-$100K","0-25"
"89","90277",34174,"17739","2",446000,68263,33.832117,-118.378634,"LOSANGELES"," 9,411 "," 5,802 "," 5,802 "," 5,802 "," 21,546 ",16.13,39,131,216,"$60K-$80K","26-50"
"90","90278",37316,"15850","2.41",323100,69614,33.870212,-118.373359,"LOSANGELES"," 10,468 "," 7,004 "," 7,004 "," 7,004 "," 23,793 ",17.46,46,129,298,"$60K-$80K","26-50"
"91","90280",96260,"24236","4.15",161500,35744,33.94191,-118.192966,"LOSANGELES"," 13,185 "," 6,411 "," 6,411 "," 6,411 "," 20,699 ",13.72,23,126,240,"$0-$40K","0-25"
"92","90290",5441,"2332","2.45",490700,88661,34.103133,-118.605058,"LOSANGELES","352"," 7,879 "," 7,879 "," 7,879 "," 32,930 ",23.85,0,0,0,"$80K-$100K","0-25"
"93","90291",31018,"16233","1.98",372300,45769,33.99432,-118.46196,"LOSANGELES"," 12,661 "," 5,512 "," 5,512 "," 5,512 "," 15,837 ",11.7,35,171,337,"$40K-$60K","26-50"
"94","90292",18057,"12583","1.65",385300,72215,33.98551,-118.45318,"LOSANGELES"," 8,404 "," 4,884 "," 4,884 "," 4,884 "," 17,783 ",14.07,64,199,291,"$60K-$80K","51-75"
"95","90293",11252,"6373","1.82",552700,66425,33.990833,-118.459167,"LOSANGELES"," 3,852 "," 5,366 "," 5,366 "," 5,366 "," 22,365 ",16.6,58,175,313,"$60K-$80K","51-75"
"96","90301",37507,"12536","3.06",158900,31306,33.955606,-118.349772,"LOSANGELES"," 15,009 "," 5,608 "," 5,608 "," 5,608 "," 16,109 ",11,47,138,297,"$0-$40K","26-50"
"97","90302",30770,"11493","2.76",167400,32698,33.975166,-118.354659,"LOSANGELES"," 16,232 "," 5,779 "," 5,779 "," 5,779 "," 16,676 ",11.48,43,142,292,"$0-$40K","26-50"
"98","90303",27773,"8216","3.66",174100,34751,33.934558,-118.327737,"LOSANGELES"," 14,243 "," 6,713 "," 6,713 "," 6,713 "," 18,722 ",12.58,27,130,341,"$0-$40K","26-50"
"99","90304",28679,"6783","4.38",158900,29036,33.9378,-118.35624,"LOSANGELES"," 16,490 "," 6,039 "," 6,039 "," 6,039 "," 17,606 ",11.48,47,125,310,"$0-$40K","26-50"
"100","90305",13763,"5796","2.44",190600,45711,33.960044,-118.33015,"LOSANGELES"," 5,191 "," 7,183 "," 7,183 "," 7,183 "," 20,149 ",14.23,25,124,315,"$40K-$60K","26-50"
"101","90401",5201,"3766","1.44",432600,36461,34.014859,-118.491434,"LOSANGELES"," 6,686 "," 4,156 "," 4,156 "," 4,156 "," 10,486 ",8.18,98,232,369,"$0-$40K","76-100"
"102","90402",11492,"5283","2.31",1000001,118553,34.036126,-118.501916,"LOSANGELES"," 5,840 "," 8,592 "," 8,592 "," 8,592 "," 25,813 ",20.72,21,147,346,"$100K+","0-25"
"103","90403",23556,"14826","1.67",648400,54964,34.03135,-118.488451,"LOSANGELES"," 16,642 "," 5,038 "," 5,038 "," 5,038 "," 15,150 ",11.74,76,256,468,"$40K-$60K","76-100"
"104","90404",19956,"9740","2.04",317400,39821,34.026281,-118.473218,"LOSANGELES"," 9,956 "," 5,171 "," 5,171 "," 5,171 "," 14,571 ",10.67,74,276,527,"$0-$40K","51-75"
"105","90405",26089,"15308","1.81",508500,50540,34.009154,-118.4692,"LOSANGELES"," 9,849 "," 5,407 "," 5,407 "," 5,407 "," 14,558 ",11.15,36,164,453,"$40K-$60K","26-50"
"106","90501",40697,"14438","2.92",257600,42117,33.82634,-118.314324,"LOSANGELES"," 7,230 "," 6,141 "," 6,141 "," 6,141 "," 20,304 ",14.06,37,140,264,"$40K-$60K","26-50"
"107","90502",17038,"5780","2.92",185400,48601,33.8369,-118.2929,"LOSANGELES"," 7,587 "," 6,569 "," 6,569 "," 6,569 "," 22,569 ",15.71,47,100,237,"$40K-$60K","26-50"
"108","90503",41970,"17145","2.47",335700,58127,33.841162,-118.357245,"LOSANGELES"," 7,802 "," 6,078 "," 6,078 "," 6,078 "," 22,018 ",15.88,32,108,243,"$40K-$60K","26-50"
"109","90504",31664,"11829","2.71",238300,50587,33.870626,-118.328113,"LOSANGELES"," 7,012 "," 6,696 "," 6,696 "," 6,696 "," 23,192 ",16.24,34,142,328,"$40K-$60K","26-50"
"110","90505",34855,"14187","2.49",383500,60737,33.810605,-118.34942,"LOSANGELES"," 6,086 "," 6,569 "," 6,569 "," 6,569 "," 22,979 ",16.57,41,88,190,"$60K-$80K","26-50"
"111","90601",32039,"11530","2.85",213900,52800,34.003475,-118.035728,"LOSANGELES"," 3,393 "," 7,543 "," 7,543 "," 7,543 "," 24,715 ",17.22,0,13,20,"$40K-$60K","0-25"
"112","90602",26253,"8421","3.08",215300,40695,33.9723,-118.0326,"LOSANGELES"," 6,257 "," 6,598 "," 6,598 "," 6,598 "," 21,461 ",14.67,0,0,0,"$40K-$60K","0-25"
"113","90603",19101,"6828","2.8",219100,59328,33.943521,-117.991393,"LOSANGELES"," 5,610 "," 8,949 "," 8,949 "," 8,949 "," 28,414 ",19.77,13,31,47,"$40K-$60K","0-25"
"114","90604",37869,"11970","3.22",185800,49836,33.9334,-118.0204,"LOSANGELES"," 8,956 "," 8,338 "," 8,338 "," 8,338 "," 26,330 ",18,4,22,52,"$40K-$60K","0-25"
"115","90605",38180,"10388","3.75",174500,50630,33.9554,-118.0256,"LOSANGELES"," 7,233 "," 8,627 "," 8,627 "," 8,627 "," 27,610 ",18.68,0,1,25,"$40K-$60K","0-25"
"116","90606",32143,"8693","3.66",166900,44440,33.977495,-118.065326,"LOSANGELES"," 8,480 "," 8,139 "," 8,139 "," 8,139 "," 25,010 ",16.84,0,0,14,"$40K-$60K","0-25"
"117","90638",47548,"15052","3.1",211300,61724,33.905895,-118.007322,"LOSANGELES"," 5,948 "," 8,600 "," 8,600 "," 8,600 "," 28,071 ",19.58,0,2,32,"$60K-$80K","0-25"
"118","90640",62416,"19500","3.28",199100,38773,34.015601,-118.110687,"LOSANGELES"," 7,058 "," 6,721 "," 6,721 "," 6,721 "," 20,550 ",13.98,0,12,57,"$0-$40K","0-25"
"119","90650",103211,"27526","3.79",161000,46012,33.906949,-118.080646,"LOSANGELES"," 10,539 "," 7,758 "," 7,758 "," 7,758 "," 23,755 ",16.11,27,66,126,"$40K-$60K","26-50"
"120","90660",63277,"16764","3.83",166700,41491,33.988278,-118.087492,"LOSANGELES"," 8,090 "," 8,119 "," 8,119 "," 8,119 "," 23,942 ",16.03,6,35,51,"$40K-$60K","0-25"
"121","90670",16263,"4643","3.3",169200,46061,33.935496,-118.068192,"LOSANGELES"," 1,940 "," 7,567 "," 7,567 "," 7,567 "," 25,656 ",17.41,12,30,66,"$40K-$60K","0-25"
"122","90701",16380,"4598","3.54",192300,44500,33.8661,-118.07916,"LOSANGELES"," 10,136 "," 7,451 "," 7,451 "," 7,451 "," 23,145 ",15.74,14,60,119,"$40K-$60K","0-25"
"123","90703",51542,"15604","3.34",280500,72906,33.866635,-118.048458,"LOSANGELES"," 6,051 "," 9,162 "," 9,162 "," 9,162 "," 31,501 ",22.09,5,12,38,"$60K-$80K","0-25"
"124","90704",3696,"1977","2.68",388100,39840,33.341632,-118.328099,"LOSANGELES","49"," 5,145 "," 5,145 "," 5,145 "," 11,767 ",8.78,0,0,0,"$0-$40K","0-25"
"125","90706",72878,"24247","3.09",179800,39362,33.889662,-118.125714,"LOSANGELES"," 11,966 "," 6,376 "," 6,376 "," 6,376 "," 20,004 ",13.71,37,113,218,"$0-$40K","26-50"
"126","90710",24640,"8583","2.96",232400,42299,33.7986,-118.299149,"LOSANGELES"," 10,963 "," 6,376 "," 6,376 "," 6,376 "," 21,422 ",14.74,37,133,245,"$40K-$60K","26-50"
"127","90712",30171,"10858","2.82",202000,59347,33.850542,-118.146637,"LOSANGELES"," 5,044 "," 8,029 "," 8,029 "," 8,029 "," 26,038 ",18.31,43,139,315,"$40K-$60K","26-50"
"128","90713",27549,"9741","2.85",210700,63458,33.849145,-118.108966,"LOSANGELES"," 8,113 "," 8,961 "," 8,961 "," 8,961 "," 27,674 ",19.47,28,90,223,"$60K-$80K","26-50"
"129","90715",20884,"6363","3.36",182700,48927,33.841526,-118.078931,"LOSANGELES"," 12,327 "," 7,108 "," 7,108 "," 7,108 "," 25,026 ",17.12,24,75,131,"$40K-$60K","0-25"
"130","90716",14850,"3621","4.24",140300,35153,33.853611,-118.133056,"LOSANGELES"," 15,593 "," 6,590 "," 6,590 "," 6,590 "," 21,264 ",14.01,47,146,294,"$0-$40K","26-50"
"131","90717",21060,"8693","2.49",261500,42182,33.794247,-118.316838,"LOSANGELES"," 10,734 "," 6,053 "," 6,053 "," 6,053 "," 20,692 ",14.42,46,130,207,"$40K-$60K","26-50"
"132","90723",55305,"14605","3.93",154300,36769,33.89799,-118.160755,"LOSANGELES"," 11,778 "," 6,200 "," 6,200 "," 6,200 "," 20,184 ",13.5,45,136,243,"$0-$40K","26-50"
"133","90731",58622,"22468","2.63",238900,35910,33.74352,-118.27944,"LOSANGELES"," 7,634 "," 5,673 "," 5,673 "," 5,673 "," 17,677 ",12.26,44,124,211,"$0-$40K","26-50"
"134","90732",21264,"9553","2.39",299100,63614,33.7639,-118.3068,"LOSANGELES"," 5,532 "," 7,042 "," 7,042 "," 7,042 "," 24,235 ",17.49,10,53,149,"$60K-$80K","0-25"
"135","90744",53308,"14583","3.8",160400,30259,33.790817,-118.252989,"LOSANGELES"," 5,331 "," 5,776 "," 5,776 "," 5,776 "," 18,356 ",12.14,34,94,182,"$0-$40K","26-50"
"136","90745",55473,"15182","3.74",177700,50610,33.82608,-118.26222,"LOSANGELES"," 6,896 "," 7,346 "," 7,346 "," 7,346 "," 26,187 ",17.8,21,49,119,"$40K-$60K","0-25"
"137","90746",25561,"7744","3.27",197600,59390,33.859611,-118.255171,"LOSANGELES"," 4,337 "," 8,666 "," 8,666 "," 8,666 "," 26,521 ",18.5,11,95,168,"$40K-$60K","0-25"
"138","90802",38419,"20364","2",144700,25860,33.769616,-118.192571,"LOSANGELES"," 5,866 "," 4,100 "," 4,100 "," 4,100 "," 12,198 ",8.65,143,294,458,"$0-$40K","126-150"
"139","90803",31349,"18634","1.76",432400,60513,33.760989,-118.128438,"LOSANGELES"," 7,587 "," 5,445 "," 5,445 "," 5,445 "," 19,831 ",14.82,14,70,184,"$60K-$80K","0-25"
"140","90804",43466,"16116","2.77",174700,29872,33.7834,-118.1506,"LOSANGELES"," 17,949 "," 5,083 "," 5,083 "," 5,083 "," 15,247 ",10.49,73,227,433,"$0-$40K","51-75"
"141","90805",91663,"27693","3.46",147400,32565,33.8631,-118.17654,"LOSANGELES"," 12,398 "," 6,015 "," 6,015 "," 6,015 "," 17,959 ",12.09,51,146,327,"$0-$40K","51-75"
"142","90806",49641,"15586","3.34",171000,31488,33.802423,-118.181073,"LOSANGELES"," 9,543 "," 5,677 "," 5,677 "," 5,677 "," 16,724 ",11.31,57,226,481,"$0-$40K","51-75"
"143","90807",31549,"13040","2.44",234800,50543,33.828815,-118.182699,"LOSANGELES"," 6,892 "," 6,247 "," 6,247 "," 6,247 "," 20,728 ",14.79,45,144,305,"$40K-$60K","26-50"
"144","90808",37403,"14484","2.61",235100,63620,33.822818,-118.10384,"LOSANGELES"," 5,804 "," 8,116 "," 8,116 "," 8,116 "," 27,271 ",19.3,22,83,203,"$60K-$80K","0-25"
"145","90810",35637,"9523","3.83",148000,36966,33.81798,-118.22328,"LOSANGELES"," 5,333 "," 6,648 "," 6,648 "," 6,648 "," 21,388 ",14.27,23,89,161,"$0-$40K","0-25"
"146","90813",63129,"17781","3.73",137700,20015,33.78147,-118.193375,"LOSANGELES"," 16,897 "," 4,875 "," 4,875 "," 4,875 "," 12,278 ",8.01,139,363,579,"$0-$40K","126-150"
"147","90814",19014,"9732","1.99",323400,41808,33.7718,-118.151,"LOSANGELES"," 14,447 "," 4,970 "," 4,970 "," 4,970 "," 18,350 ",13.08,80,210,379,"$40K-$60K","76-100"
"148","90815",38892,"15411","2.42",242500,61074,33.794933,-118.11685,"LOSANGELES"," 5,328 "," 7,016 "," 7,016 "," 7,016 "," 24,067 ",17.27,40,136,258,"$60K-$80K","26-50"
"149","91001",36235,"12776","2.87",258000,63543,34.191818,-118.138672,"LOSANGELES"," 4,076 "," 9,273 "," 9,273 "," 9,273 "," 25,683 ",18.25,35,90,169,"$60K-$80K","26-50"
"150","91006",30010,"10940","2.86",337200,58779,34.1378,-118.0247,"LOSANGELES"," 5,005 "," 8,273 "," 8,273 "," 8,273 "," 25,221 ",17.77,37,77,161,"$40K-$60K","26-50"
"151","91007",30925,"11859","2.63",384100,51255,34.127509,-118.04943,"LOSANGELES"," 5,640 "," 6,968 "," 6,968 "," 6,968 "," 22,395 ",15.79,27,81,199,"$40K-$60K","26-50"
"152","91010",27400,"8315","3.31",170200,50634,34.138317,-117.963453,"LOSANGELES"," 2,891 "," 7,814 "," 7,814 "," 7,814 "," 25,483 ",17.49,16,37,55,"$40K-$60K","0-25"
"153","91011",20187,"7019","2.94",583500,109802,34.20978,-118.20186,"LOSANGELES","527"," 10,567 "," 10,567 "," 10,567 "," 35,911 ",26.4,0,2,30,"$100K+","0-25"
"154","91016",41050,"15188","2.76",224800,46468,34.142773,-117.999564,"LOSANGELES"," 4,664 "," 7,228 "," 7,228 "," 7,228 "," 21,308 ",14.89,26,63,117,"$40K-$60K","26-50"
"155","91020",7515,"3291","2.25",248700,41580,34.210826,-118.228843,"LOSANGELES"," 9,993 "," 5,987 "," 5,987 "," 5,987 "," 19,840 ",13.94,24,46,62,"$40K-$60K","0-25"
"156","91024",10545,"4914","2.2",369200,65862,34.1684,-118.0516,"LOSANGELES"," 1,525 "," 7,739 "," 7,739 "," 7,739 "," 25,557 ",18.45,9,29,73,"$60K-$80K","0-25"
"157","91030",23975,"10716","2.3",384500,55701,34.111415,-118.155569,"LOSANGELES"," 6,921 "," 6,379 "," 6,379 "," 6,379 "," 21,617 ",15.58,29,89,250,"$40K-$60K","26-50"
"158","91040",18748,"7260","2.62",200900,51894,34.260514,-118.330679,"LOSANGELES"," 1,282 "," 7,879 "," 7,879 "," 7,879 "," 26,807 ",18.54,18,37,63,"$40K-$60K","0-25"
"159","91042",26738,"10109","2.69",197400,42882,34.254843,-118.283396,"LOSANGELES","682"," 7,211 "," 7,211 "," 7,211 "," 24,473 ",16.71,16,37,55,"$40K-$60K","0-25"
"160","91101",16809,"9228","1.85",202200,38187,34.147394,-118.139138,"LOSANGELES"," 12,934 "," 4,602 "," 4,602 "," 4,602 "," 13,751 ",10.14,107,234,366,"$0-$40K","101-125"
"161","91103",27887,"8359","3.33",209600,34824,34.165947,-118.162866,"LOSANGELES"," 5,959 "," 7,041 "," 7,041 "," 7,041 "," 18,516 ",12.56,15,73,219,"$0-$40K","0-25"
"162","91104",38449,"13424","2.94",253100,41815,34.168285,-118.12089,"LOSANGELES"," 10,041 "," 7,280 "," 7,280 "," 7,280 "," 20,493 ",14.15,32,113,308,"$40K-$60K","26-50"
"163","91105",10245,"4867","2.13",495900,83737,34.137505,-118.165612,"LOSANGELES"," 2,530 "," 7,995 "," 7,995 "," 7,995 "," 24,380 ",18.47,13,105,276,"$80K-$100K","0-25"
"164","91106",23725,"10997","2.18",370400,46617,34.140761,-118.12728,"LOSANGELES"," 8,139 "," 5,719 "," 5,719 "," 5,719 "," 17,641 ",12.8,68,182,329,"$40K-$60K","51-75"
"165","91107",32360,"13134","2.52",311300,56426,34.152027,-118.087574,"LOSANGELES"," 3,888 "," 7,554 "," 7,554 "," 7,554 "," 22,547 ",16.12,51,143,249,"$40K-$60K","51-75"
"166","91108",13149,"4525","3.02",688700,119147,34.119532,-118.11687,"LOSANGELES"," 3,467 "," 10,702 "," 10,702 "," 10,702 "," 33,313 ",25.16,7,28,199,"$100K+","0-25"
"167","91201",23978,"8571","2.86",299400,38179,34.169986,-118.290331,"LOSANGELES"," 10,112 "," 6,320 "," 6,320 "," 6,320 "," 20,553 ",14.06,25,80,158,"$0-$40K","26-50"
"168","91202",21971,"9048","2.49",346000,49818,34.167248,-118.267059,"LOSANGELES"," 9,971 "," 6,421 "," 6,421 "," 6,421 "," 21,682 ",15.33,7,53,143,"$40K-$60K","0-25"
"169","91203",14479,"5533","2.65",210400,32350,34.153091,-118.265454,"LOSANGELES"," 15,913 "," 5,401 "," 5,401 "," 5,401 "," 17,355 ",11.92,43,129,240,"$0-$40K","26-50"
"170","91204",16997,"5623","2.98",216900,32339,34.134298,-118.260161,"LOSANGELES"," 14,421 "," 5,007 "," 5,007 "," 5,007 "," 16,116 ",11.07,76,181,301,"$0-$40K","76-100"
"171","91205",41381,"14520","2.88",216600,27701,34.136336,-118.241388,"LOSANGELES"," 22,836 "," 5,080 "," 5,080 "," 5,080 "," 15,731 ",10.67,38,191,362,"$0-$40K","26-50"
"172","91206",31284,"13002","2.43",360300,41674,34.159713,-118.217895,"LOSANGELES"," 5,900 "," 5,668 "," 5,668 "," 5,668 "," 19,714 ",13.81,3,55,153,"$40K-$60K","0-25"
"173","91207",9852,"4030","2.5",442400,62347,34.168028,-118.243022,"LOSANGELES"," 2,237 "," 7,855 "," 7,855 "," 7,855 "," 26,282 ",18.67,4,48,152,"$60K-$80K","0-25"
"174","91208",16909,"6673","2.58",392400,76034,34.191114,-118.230854,"LOSANGELES"," 1,942 "," 8,512 "," 8,512 "," 8,512 "," 28,405 ",20.5,12,37,60,"$60K-$80K","0-25"
"175","91214",29101,"10521","2.81",287700,64843,34.23024,-118.24536,"LOSANGELES"," 4,572 "," 8,310 "," 8,310 "," 8,310 "," 27,252 ",19.28,12,31,53,"$60K-$80K","0-25"
"176","91301",25302,"8648","2.97",375600,88725,34.144523,-118.760382,"LOSANGELES"," 1,003 "," 11,368 "," 11,368 "," 11,368 "," 33,755 ",24.22,10,26,36,"$80K-$100K","0-25"
"177","91302",23644,"8849","2.76",587700,93378,34.134741,-118.656723,"LOSANGELES","817"," 10,559 "," 10,559 "," 10,559 "," 30,913 ",22.7,0,8,14,"$80K-$100K","0-25"
"178","91303",23508,"7758","3.11",168000,36769,34.19718,-118.60038,"LOSANGELES"," 10,968 "," 6,184 "," 6,184 "," 6,184 "," 18,031 ",12.4,39,143,271,"$0-$40K","26-50"
"179","91304",49226,"16980","2.93",248200,48052,34.218228,-118.627503,"LOSANGELES"," 5,183 "," 7,811 "," 7,811 "," 7,811 "," 22,538 ",15.67,8,43,101,"$40K-$60K","0-25"
"180","91306",43846,"13951","3.19",188600,49064,34.2096,-118.5741,"LOSANGELES"," 10,520 "," 8,210 "," 8,210 "," 8,210 "," 23,948 ",16.51,23,102,238,"$40K-$60K","0-25"
"181","91307",23622,"8192","2.88",256100,74072,34.20192,-118.66098,"LOSANGELES","982"," 10,741 "," 10,741 "," 10,741 "," 31,764 ",22.41,2,17,47,"$60K-$80K","0-25"
"182","91311",35317,"13541","2.61",261200,62270,34.255102,-118.597553,"LOSANGELES"," 1,187 "," 8,591 "," 8,591 "," 8,591 "," 27,097 ",19.14,25,61,101,"$60K-$80K","26-50"
"183","91316",27595,"13101","2.16",331800,49131,34.16304,-118.515,"LOSANGELES"," 4,076 "," 6,253 "," 6,253 "," 6,253 "," 19,751 ",14.2,19,74,140,"$40K-$60K","0-25"
"184","91321",30727,"10598","2.94",215100,49979,34.380013,-118.520234,"LOSANGELES"," 1,592 "," 7,255 "," 7,255 "," 7,255 "," 23,568 ",16.38,0,0,0,"$40K-$60K","0-25"
"185","91324",25731,"9052","2.89",243400,49961,34.240441,-118.548924,"LOSANGELES"," 5,919 "," 7,461 "," 7,461 "," 7,461 "," 22,042 ",15.45,32,99,202,"$40K-$60K","26-50"
"186","91325",32300,"11571","2.64",272600,48855,34.237662,-118.518345,"LOSANGELES"," 6,213 "," 6,970 "," 6,970 "," 6,970 "," 22,847 ",15.97,22,87,189,"$40K-$60K","0-25"
"187","91326",28049,"9904","2.88",342000,82310,34.275888,-118.545436,"LOSANGELES"," 3,271 "," 9,783 "," 9,783 "," 9,783 "," 31,458 ",22.56,0,9,57,"$80K-$100K","0-25"
"188","91331",97300,"22032","4.54",145800,39225,34.255562,-118.424498,"LOSANGELES"," 10,473 "," 7,674 "," 7,674 "," 7,674 "," 23,773 ",15.64,22,95,179,"$0-$40K","0-25"
"189","91335",68002,"22811","3.05",170600,40792,34.20024,-118.53942,"LOSANGELES"," 10,369 "," 7,093 "," 7,093 "," 7,093 "," 20,955 ",14.37,36,121,237,"$40K-$60K","26-50"
"190","91340",33373,"8075","4.24",144000,40398,34.286167,-118.434585,"LOSANGELES"," 10,577 "," 7,588 "," 7,588 "," 7,588 "," 22,968 ",15.26,29,100,194,"$40K-$60K","26-50"
"191","91342",81970,"22060","3.7",167400,48744,34.303906,-118.420534,"LOSANGELES"," 1,518 "," 8,301 "," 8,301 "," 8,301 "," 26,860 ",18.16,14,67,119,"$40K-$60K","0-25"
"192","91343",57001,"16785","3.45",202000,41786,34.2387,-118.47612,"LOSANGELES"," 9,530 "," 7,473 "," 7,473 "," 7,473 "," 21,924 ",14.9,36,95,238,"$40K-$60K","26-50"
"193","91344",48863,"16695","2.96",238100,64947,34.28526,-118.4988,"LOSANGELES"," 3,285 "," 9,132 "," 9,132 "," 9,132 "," 29,019 ",20.34,16,44,80,"$60K-$80K","0-25"
"194","91345",17102,"5139","3.33",178900,52603,34.281944,-118.438056,"LOSANGELES"," 5,620 "," 8,173 "," 8,173 "," 8,173 "," 27,206 ",18.61,28,96,196,"$40K-$60K","26-50"
"195","91350",40069,"13321","3.08",238600,74616,34.446,-118.517,"LOSANGELES","209"," 9,673 "," 9,673 "," 9,673 "," 35,252 ",24.53,0,0,0,"$60K-$80K","0-25"
"196","91351",59257,"20917","2.99",204700,61349,34.4228,-118.4712,"LOSANGELES"," 1,526 "," 8,353 "," 8,353 "," 8,353 "," 28,502 ",19.86,0,0,0,"$60K-$80K","0-25"
"197","91352",46624,"12204","3.9",161400,41322,34.2248,-118.3594,"LOSANGELES"," 3,064 "," 7,296 "," 7,296 "," 7,296 "," 24,527 ",16.37,20,63,135,"$40K-$60K","0-25"
"198","91354",17841,"5835","3.1",262600,84858,34.44553,-118.54724,"LOSANGELES"," 1,232 "," 10,606 "," 10,606 "," 10,606 "," 34,698 ",24.6,0,0,0,"$80K-$100K","0-25"
"199","91355",24970,"10133","2.53",262400,76024,34.406069,-118.535302,"LOSANGELES"," 1,843 "," 8,254 "," 8,254 "," 8,254 "," 26,454 ",19.31,0,0,0,"$60K-$80K","0-25"
"200","91356",27407,"11422","2.44",471800,51420,34.161582,-118.546573,"LOSANGELES"," 4,532 "," 6,933 "," 6,933 "," 6,933 "," 21,063 ",15.03,0,42,105,"$40K-$60K","0-25"
"201","91364",25985,"10726","2.46",375800,79414,34.155131,-118.602117,"LOSANGELES"," 3,111 "," 9,531 "," 9,531 "," 9,531 "," 24,839 ",18.49,8,48,109,"$60K-$80K","0-25"
"202","91367",36106,"16549","2.3",323600,61356,34.176089,-118.620157,"LOSANGELES"," 4,633 "," 7,680 "," 7,680 "," 7,680 "," 20,578 ",15.17,16,97,220,"$60K-$80K","0-25"
"203","91381",9919,"3588","2.88",327500,87112,34.381972,-118.571447,"LOSANGELES","257"," 11,285 "," 11,285 "," 11,285 "," 33,331 ",23.91,0,0,0,"$80K-$100K","0-25"
"204","91384",22173,"4848","3.21",222300,73933,34.464926,-118.641172,"LOSANGELES","240"," 10,736 "," 10,736 "," 10,736 "," 34,557 ",24.04,0,0,0,"$60K-$80K","0-25"
"205","91401",40372,"14981","2.76",255400,35403,34.177691,-118.429258,"LOSANGELES"," 11,418 "," 6,067 "," 6,067 "," 6,067 "," 18,372 ",12.63,48,188,365,"$0-$40K","26-50"
"206","91402",66241,"18217","3.76",150500,32496,34.2285,-118.44348,"LOSANGELES"," 17,722 "," 6,037 "," 6,037 "," 6,037 "," 17,770 ",11.88,54,129,256,"$0-$40K","51-75"
"207","91403",22079,"11616","1.98",458100,53596,34.14786,-118.4661,"LOSANGELES"," 5,970 "," 6,234 "," 6,234 "," 6,234 "," 14,267 ",11.06,14,57,113,"$40K-$60K","0-25"
"208","91405",51344,"16977","3.09",180800,29657,34.199976,-118.445986,"LOSANGELES"," 15,192 "," 5,524 "," 5,524 "," 5,524 "," 16,884 ",11.4,45,171,358,"$0-$40K","26-50"
"209","91406",50041,"17721","2.91",181800,37178,34.201719,-118.491973,"LOSANGELES"," 6,152 "," 6,280 "," 6,280 "," 6,280 "," 19,108 ",13.12,32,112,242,"$0-$40K","26-50"
"210","91411",23641,"8969","2.67",217600,34266,34.179,-118.44738,"LOSANGELES"," 11,705 "," 5,610 "," 5,610 "," 5,610 "," 17,603 ",12.13,71,204,351,"$0-$40K","51-75"
"211","91423",29370,"15601","1.97",388500,52662,34.14726,-118.4325,"LOSANGELES"," 6,198 "," 6,222 "," 6,222 "," 6,222 "," 17,228 ",12.84,31,99,207,"$40K-$60K","26-50"
"212","91436",13109,"5287","2.55",583400,102652,34.16591,-118.46357,"LOSANGELES"," 2,801 "," 10,169 "," 10,169 "," 10,169 "," 17,971 ",15.17,21,102,254,"$100K+","0-25"
"213","91501",18096,"7647","2.42",325500,43750,34.188999,-118.297989,"LOSANGELES"," 14,008 "," 6,036 "," 6,036 "," 6,036 "," 20,621 ",14.45,23,86,149,"$40K-$60K","0-25"
"214","91502",11500,"4918","2.39",202200,29185,34.176232,-118.307682,"LOSANGELES"," 8,841 "," 4,877 "," 4,877 "," 4,877 "," 14,964 ",10.38,53,141,213,"$0-$40K","51-75"
"215","91504",25872,"9816","2.67",289400,55813,34.203068,-118.329504,"LOSANGELES"," 3,267 "," 7,464 "," 7,464 "," 7,464 "," 23,815 ",16.84,20,80,162,"$40K-$60K","0-25"
"216","91505",29235,"13627","2.21",230800,51740,34.169079,-118.343061,"LOSANGELES"," 6,120 "," 6,549 "," 6,549 "," 6,549 "," 18,306 ",13.41,40,158,306,"$40K-$60K","26-50"
"217","91506",18530,"7953","2.34",250800,50849,34.172596,-118.322672,"LOSANGELES"," 7,504 "," 6,873 "," 6,873 "," 6,873 "," 20,797 ",14.87,29,143,305,"$40K-$60K","26-50"
"218","91601",36616,"15109","2.49",210100,31671,34.167888,-118.369332,"LOSANGELES"," 13,946 "," 5,361 "," 5,361 "," 5,361 "," 15,515 ",10.8,43,126,291,"$0-$40K","26-50"
"219","91602",16978,"9704","1.82",383900,47989,34.151673,-118.365113,"LOSANGELES"," 7,928 "," 5,495 "," 5,495 "," 5,495 "," 17,936 ",13.14,34,113,261,"$40K-$60K","26-50"
"220","91604",26137,"14124","1.89",457700,60299,34.1412,-118.39092,"LOSANGELES"," 5,241 "," 6,406 "," 6,406 "," 6,406 "," 16,647 ",12.82,35,97,203,"$60K-$80K","26-50"
"221","91605",57129,"15737","3.69",169500,32168,34.208387,-118.402459,"LOSANGELES"," 10,364 "," 6,407 "," 6,407 "," 6,407 "," 19,196 ",12.76,23,110,230,"$0-$40K","0-25"
"222","91606",45348,"15124","3.06",170100,31806,34.186304,-118.389143,"LOSANGELES"," 12,729 "," 6,002 "," 6,002 "," 6,002 "," 17,833 ",12.08,39,123,296,"$0-$40K","26-50"
"223","91607",27439,"13085","2.11",304200,40565,34.16478,-118.39986,"LOSANGELES"," 11,688 "," 5,709 "," 5,709 "," 5,709 "," 17,763 ",12.64,50,135,332,"$40K-$60K","51-75"
"224","91702",57765,"15847","3.63",146700,42108,34.126437,-117.902565,"LOSANGELES"," 2,680 "," 7,688 "," 7,688 "," 7,688 "," 23,116 ",15.6,20,59,125,"$40K-$60K","0-25"
"225","91706",76889,"17715","4.43",146600,41621,34.08924,-117.96372,"LOSANGELES"," 5,653 "," 7,775 "," 7,775 "," 7,775 "," 26,059 ",17.18,32,67,129,"$40K-$60K","26-50"
"226","91711",34715,"11746","2.58",252400,66663,34.11306,-117.717241,"LOSANGELES"," 2,495 "," 8,956 "," 8,956 "," 8,956 "," 24,016 ",17.44,17,54,103,"$60K-$80K","0-25"
"227","91722",33803,"10451","3.29",169500,50126,34.097211,-117.904601,"LOSANGELES"," 8,015 "," 8,396 "," 8,396 "," 8,396 "," 25,697 ",17.6,10,61,144,"$40K-$60K","0-25"
"228","91723",17552,"6449","2.76",187800,42100,34.085167,-117.884814,"LOSANGELES"," 7,722 "," 7,027 "," 7,027 "," 7,027 "," 21,211 ",14.65,28,72,153,"$40K-$60K","26-50"
"229","91724",25062,"8507","2.98",205900,59158,34.089819,-117.856778,"LOSANGELES"," 4,275 "," 8,758 "," 8,758 "," 8,758 "," 28,606 ",19.85,14,55,107,"$40K-$60K","0-25"
"230","91731",30206,"7778","3.96",160600,30942,34.076836,-118.040838,"LOSANGELES"," 8,140 "," 6,594 "," 6,594 "," 6,594 "," 19,772 ",13,58,163,286,"$0-$40K","51-75"
"231","91732",62659,"14877","4.27",156800,34141,34.073305,-118.012655,"LOSANGELES"," 12,701 "," 7,094 "," 7,094 "," 7,094 "," 21,081 ",13.85,38,116,237,"$0-$40K","26-50"
"232","91733",45640,"10116","4.6",157600,32644,34.04778,-118.04478,"LOSANGELES"," 6,973 "," 6,892 "," 6,892 "," 6,892 "," 20,470 ",13.33,18,59,157,"$0-$40K","0-25"
"233","91740",25117,"8490","2.93",188900,52696,34.1156,-117.8563,"LOSANGELES"," 5,247 "," 8,434 "," 8,434 "," 8,434 "," 25,983 ",17.97,9,65,159,"$40K-$60K","0-25"
"234","91741",24967,"8883","2.83",273000,67419,34.1452,-117.8532,"LOSANGELES"," 2,572 "," 9,706 "," 9,706 "," 9,706 "," 30,923 ",21.64,11,53,96,"$60K-$80K","0-25"
"235","91744",84950,"18835","4.59",148600,46792,34.031085,-117.93634,"LOSANGELES"," 9,830 "," 8,659 "," 8,659 "," 8,659 "," 26,952 ",17.9,8,50,134,"$40K-$60K","0-25"
"236","91745",53682,"16464","3.32",231500,59642,33.997817,-117.964862,"LOSANGELES"," 4,030 "," 8,983 "," 8,983 "," 8,983 "," 29,105 ",20.08,12,42,95,"$40K-$60K","0-25"
"237","91746",30795,"6931","4.52",153200,44189,34.048277,-117.982221,"LOSANGELES"," 4,354 "," 8,839 "," 8,839 "," 8,839 "," 28,494 ",18.75,11,58,106,"$40K-$60K","0-25"
"238","91748",46324,"13828","3.44",215200,51640,33.98268,-117.89802,"LOSANGELES"," 3,203 "," 8,377 "," 8,377 "," 8,377 "," 25,572 ",17.56,12,27,48,"$40K-$60K","0-25"
"239","91750",35512,"12894","2.74",239300,60366,34.117526,-117.770153,"LOSANGELES"," 1,643 "," 8,966 "," 8,966 "," 8,966 "," 28,735 ",20.03,12,28,51,"$60K-$80K","0-25"
"240","91754",33263,"11664","2.95",218700,40267,34.0502,-118.1489,"LOSANGELES"," 7,107 "," 6,528 "," 6,528 "," 6,528 "," 19,824 ",13.68,14,97,226,"$40K-$60K","0-25"
"241","91755",26925,"8594","3.2",213700,41295,34.050937,-118.116556,"LOSANGELES"," 9,906 "," 6,535 "," 6,535 "," 6,535 "," 21,915 ",14.94,0,30,94,"$40K-$60K","0-25"
"242","91759",35,"18","2.19",3e+05,26500,34.256088,-117.634246,"LOSANGELES","491"," 6,582 "," 6,582 "," 6,582 "," 22,158 ",14.74,0,0,0,"$0-$40K","0-25"
"243","91765",46520,"14921","3.17",244300,69848,34.00014,-117.81618,"LOSANGELES"," 2,386 "," 9,494 "," 9,494 "," 9,494 "," 30,797 ",21.57,12,33,50,"$60K-$80K","0-25"
"244","91766",69968,"17725","4.1",142800,41876,34.041742,-117.761853,"LOSANGELES"," 6,974 "," 7,968 "," 7,968 "," 7,968 "," 24,454 ",16.29,0,49,120,"$40K-$60K","0-25"
"245","91767",46614,"13660","3.51",136400,40057,34.081735,-117.739135,"LOSANGELES"," 8,220 "," 7,555 "," 7,555 "," 7,555 "," 20,962 ",14.22,18,78,176,"$40K-$60K","0-25"
"246","91768",36047,"8877","3.81",129600,35733,34.068163,-117.777676,"LOSANGELES"," 4,699 "," 7,641 "," 7,641 "," 7,641 "," 22,456 ",14.89,17,56,100,"$0-$40K","0-25"
"247","91770",61605,"16621","3.77",180000,37896,34.0614,-118.08162,"LOSANGELES"," 9,328 "," 7,012 "," 7,012 "," 7,012 "," 21,538 ",14.42,18,62,136,"$0-$40K","0-25"
"248","91773",33865,"11868","2.81",233000,63526,34.101639,-117.817521,"LOSANGELES"," 3,192 "," 8,762 "," 8,762 "," 8,762 "," 27,868 ",19.61,7,31,64,"$60K-$80K","0-25"
"249","91775",23426,"8580","2.79",282400,56657,34.114495,-118.088673,"LOSANGELES"," 7,725 "," 7,787 "," 7,787 "," 7,787 "," 25,113 ",17.64,12,75,155,"$40K-$60K","0-25"
"250","91776",38032,"11937","3.22",199900,38085,34.090524,-118.093459,"LOSANGELES"," 11,187 "," 6,431 "," 6,431 "," 6,431 "," 19,550 ",13.35,8,79,136,"$0-$40K","0-25"
"251","91780",32714,"11588","2.9",232300,47575,34.1003,-118.0583,"LOSANGELES"," 8,402 "," 7,594 "," 7,594 "," 7,594 "," 23,809 ",16.44,28,78,181,"$40K-$60K","26-50"
"252","91789",45106,"13207","3.46",275200,73943,34.0154,-117.858225,"LOSANGELES"," 2,672 "," 10,363 "," 10,363 "," 10,363 "," 34,572 ",23.98,9,34,90,"$60K-$80K","0-25"
"253","91790",44085,"13083","3.39",182200,50825,34.066605,-117.938508,"LOSANGELES"," 7,677 "," 8,402 "," 8,402 "," 8,402 "," 26,558 ",18.14,25,72,163,"$40K-$60K","26-50"
"254","91791",30442,"9997","3.1",221500,56216,34.063556,-117.892645,"LOSANGELES"," 4,524 "," 8,642 "," 8,642 "," 8,642 "," 27,167 ",18.8,10,62,107,"$40K-$60K","0-25"
"255","91792",31620,"9157","3.51",184900,54074,34.02182,-117.897867,"LOSANGELES"," 8,333 "," 7,907 "," 7,907 "," 7,907 "," 27,556 ",18.84,16,47,84,"$40K-$60K","0-25"
"256","91801",54381,"20052","2.77",214700,38229,34.089911,-118.130421,"LOSANGELES"," 12,802 "," 5,746 "," 5,746 "," 5,746 "," 18,439 ",12.79,31,100,200,"$0-$40K","26-50"
"257","91803",30629,"10002","3.1",207400,41303,34.073612,-118.144828,"LOSANGELES"," 9,530 "," 6,398 "," 6,398 "," 6,398 "," 21,169 ",14.51,26,87,211,"$40K-$60K","26-50"
"258","93510",7813,"2770","2.98",276500,65737,34.489202,-118.197221,"LOSANGELES","106"," 10,713 "," 10,713 "," 10,713 "," 40,336 ",27.3,0,0,0,"$60K-$80K","0-25"
"259","93532",2760,"1142","2.61",139100,52222,34.672247,-118.425268,"LOSANGELES","19"," 7,361 "," 7,361 "," 7,361 "," 31,068 ",21.17,0,0,0,"$40K-$60K","0-25"
"260","93534",35104,"14380","2.58",87900,31217,34.692638,-118.144902,"LOSANGELES"," 1,536 "," 7,344 "," 7,344 "," 7,344 "," 17,607 ",12.04,0,0,0,"$0-$40K","0-25"
"261","93535",57791,"20126","3.17",92000,39747,34.7127,-117.90416,"LOSANGELES","233"," 9,103 "," 9,103 "," 9,103 "," 24,952 ",16.75,0,0,0,"$0-$40K","0-25"
"262","93536",49303,"16093","2.91",140600,54223,34.77799,-118.46932,"LOSANGELES","193"," 9,651 "," 9,651 "," 9,651 "," 29,532 ",20.22,0,0,0,"$40K-$60K","0-25"
"263","93543",11184,"3673","3.36",98000,43864,34.521949,-117.951259,"LOSANGELES","261"," 9,587 "," 9,587 "," 9,587 "," 32,487 ",21.51,0,0,0,"$40K-$60K","0-25"
"264","93544",1201,"674","2.38",152400,44318,34.490529,-117.785114,"LOSANGELES","11"," 7,130 "," 7,130 "," 7,130 "," 32,263 ",21.65,0,0,0,"$40K-$60K","0-25"
"265","93550",67213,"21686","3.39",96700,37484,34.568461,-118.062387,"LOSANGELES","613"," 8,758 "," 8,758 "," 8,758 "," 23,346 ",15.62,0,0,0,"$0-$40K","0-25"
"266","93551",34036,"11378","3.18",165600,68057,34.601366,-118.189508,"LOSANGELES","533"," 11,352 "," 11,352 "," 11,352 "," 33,051 ",22.89,0,0,0,"$60K-$80K","0-25"
"267","93552",25359,"7497","3.6",109200,50179,34.559961,-118.042134,"LOSANGELES"," 1,613 "," 10,831 "," 10,831 "," 10,831 "," 29,510 ",19.87,0,0,0,"$40K-$60K","0-25"
"268","93553",1600,"744","2.55",120200,30417,34.470966,-117.896598,"LOSANGELES","33"," 6,837 "," 6,837 "," 6,837 "," 27,601 ",18.21,0,0,0,"$0-$40K","0-25"
"269","93563",406,"137","2.78",212900,83367,34.429622,-117.797685,"LOSANGELES","11"," 10,865 "," 10,865 "," 10,865 "," 27,189 ",20.13,0,0,0,"$80K-$100K","0-25"
"270","93591",6775,"2163","3.54",76600,38482,34.602708,-117.82965,"LOSANGELES","87"," 10,276 "," 10,276 "," 10,276 "," 33,769 ",22.02,0,0,0,"$0-$40K","0-25"
